{
    "deepseek-v3.2": [
        0.49719679719195725,
        0.35043980923680584,
        0.2839897810060757,
        0.24842043634857386,
        0.23005013956951953,
        0.19898422426051462,
        0.1902214774983711,
        0.17086208402795935,
        0.17131213522791058,
        0.16462492148711141,
        0.146579563254722,
        0.14140583646721303
    ],
    "qwen2.5-7b": [
        0.9901739341819243,
        0.7175473523941971,
        0.5578864399531747,
        0.4678778769309701,
        0.4512848720242034,
        0.4100804071785708,
        0.35978400025986834,
        0.353191428604746,
        0.3230555865597205,
        0.3119314565416674,
        0.30963636255036064,
        0.2762129056466016
    ],
    "qwen3-32b": [
        1.1074735305083525,
        0.7869995909044915,
        0.6703376914353512,
        0.5748606134796996,
        0.5066151252687494,
        0.4611479411806479,
        0.4411880356156292,
        0.3948988993903489,
        0.3896319686619562,
        0.35938968112105507,
        0.3238375523709399,
        0.3187041953871676
    ],
    "gpt-4o": [
        0.529865497240862,
        0.36721700073740277,
        0.31535841229701694,
        0.28478220940780036,
        0.2357408216608329,
        0.2233431725891479,
        0.2046724477474,
        0.18875434411682704,
        0.1791146423017779,
        0.17650847907037195,
        0.16748763748607576,
        0.15803971869532046
    ]
}