{
    "deepseek-v3.2": [
        8.57327310248216,
        5.854503022714208,
        5.314484138842107,
        4.40517524818015,
        4.014046460932982,
        3.469936361151752,
        3.211467278136096,
        3.0675396903794194,
        2.8135942157961358,
        2.6851498424056635,
        2.4983763499452554,
        2.4035560562701925
    ],
    "qwen2.5-7b": [
        17.561463650580745,
        12.215368279145675,
        10.057608360594642,
        8.715930547199461,
        8.420540856022145,
        7.408965419515895,
        6.610779522459113,
        6.473170775875614,
        5.89387806020676,
        5.41662086355197,
        5.325258876743386,
        5.269872781711505
    ],
    "qwen3-32b": [
        15.566367558778888,
        11.323332014844043,
        8.77148925142202,
        7.914894372191211,
        6.841313165779119,
        6.1285421349046345,
        5.823473764732142,
        5.5741029020036335,
        4.915165188643758,
        4.8764502352775505,
        4.533704741430569,
        4.418484103895667
    ],
    "gpt-4o": [
        8.643270121693735,
        5.999361830074991,
        5.003318611350714,
        4.382788104197131,
        3.9185671867233056,
        3.6675268148236215,
        3.2568300747159897,
        2.9916496100023076,
        2.941165772816121,
        2.6982236205403325,
        2.6332040480074252,
        2.543000083344723
    ]
}